state_name,overall_homeless,sheltered_total_homeless,unsheltered_homeless,overall_homeless_male,overall_homeless_female,overall_homeless_white,overall_homeless_hispanic_latino,overall_homeless_black_african_american_or_african,overall_homeless_asian_or_asian_american,labor_force,employed,unemployed,population,affordable_units_total,affordable_units_occupied,affordable_units_vacant,per_capita_income,zhvi_bottom_tier_value,zhvi_all_homes_value,mean_annual_temperature
Alabama,14959.0,9361.0,5598.0,7840.0,7094.0,7346.0,1136.0,6818.0,58.0,2259355.0,2183333.0,76022.0,5049846.0,93523.0,82300.0,11223.0,49769.0,74434.21220770698,173488.33160703868,62.68
Alaska,18329.0,18177.0,152.0,10944.0,7380.0,7931.0,940.0,1181.0,495.0,353158.0,330525.0,22633.0,734182.0,7837.0,7523.0,314.0,65813.0,195023.579597496,319764.0501369896,32.03
Arizona,16339.0,16339.0,0.0,9377.0,6880.0,9377.0,3820.0,2238.0,122.0,3530580.0,3352198.0,178382.0,7264877.0,41430.0,37287.0,4143.0,55487.0,241736.26657070816,352457.68697879213,65.97
Arkansas,34810.0,21017.0,13793.0,21231.0,13548.0,24894.0,2647.0,8693.0,95.0,1339671.0,1285334.0,54337.0,3028122.0,51704.0,44982.0,6722.0,50625.0,62780.031871372776,152305.1923212538,60.09
California,66621.0,59555.0,7066.0,36194.0,29485.0,39840.0,21991.0,17715.0,1258.0,18973385.0,17586320.0,1387065.0,39142991.0,501450.0,446290.0,55160.0,76614.0,390599.3111594103,660258.6050483909,61.17
Colorado,112386.0,82818.0,29568.0,71369.0,40003.0,80133.0,26537.0,13699.0,338.0,3158146.0,2986238.0,171908.0,5811297.0,63105.0,54901.0,8204.0,70706.0,319121.1321272933,482176.60508493095,46.26
Connecticut,14857.0,12359.0,2498.0,9144.0,5661.0,7309.0,3820.0,5494.0,89.0,1855340.0,1739036.0,116304.0,3623355.0,83234.0,75742.0,7492.0,83294.0,200666.10277782413,311449.69452013535,48.6
Delaware,4737.0,4737.0,0.0,2451.0,2280.0,1653.0,342.0,2901.0,18.0,493930.0,466770.0,27160.0,1004807.0,13101.0,11528.0,1573.0,59931.0,193214.2748218175,312557.7427025132,54.48
Florida,42017.0,28457.0,13560.0,24047.0,14996.0,21099.0,4461.0,16988.0,211.0,10353317.0,9872519.0,480798.0,21828069.0,201698.0,183545.0,18153.0,62270.0,180598.51185423534,299104.9080805605,71.8
Georgia,287809.0,287555.0,254.0,108053.0,166087.0,101443.0,19975.0,165869.0,4533.0,5179135.0,4977575.0,201560.0,10788029.0,135070.0,117510.0,17560.0,55786.0,125271.84455473763,247302.00899591355,62.300000000000004
Hawaii,3762.0,3762.0,0.0,1912.0,1832.0,729.0,535.0,107.0,210.0,669987.0,629626.0,40361.0,1447154.0,23278.0,20251.0,3027.0,60947.0,385975.0101987236,705784.3047553458,72.95
Idaho,57077.0,22647.0,34430.0,8258.0,14260.0,19076.0,3514.0,415.0,130.0,925407.0,893166.0,32241.0,1904314.0,12720.0,11066.0,1654.0,52369.0,267260.318630904,407012.75598547235,46.32
Illinois,15395.0,13481.0,1914.0,7146.0,6956.0,9053.0,878.0,4093.0,136.0,6366437.0,5980447.0,385990.0,12686469.0,229542.0,204292.0,25250.0,67244.0,96170.98039175801,207591.38599767574,51.37
Indiana,279205.0,218700.0,60505.0,164193.0,113825.0,212630.0,13827.0,53729.0,2023.0,3355648.0,3225062.0,130586.0,6813532.0,88764.0,78112.0,10652.0,56497.0,105466.83522489415,189911.4330370382,51.81
Iowa,165874.0,128216.0,37658.0,94807.0,70775.0,118377.0,13423.0,35171.0,1935.0,1690382.0,1626177.0,64205.0,3197689.0,40845.0,35126.0,5719.0,57163.0,91296.47665066451,172833.3230730784,48.14
Kansas,79953.0,79818.0,135.0,45125.0,34721.0,59095.0,9076.0,11242.0,512.0,1500688.0,1451210.0,49478.0,2937922.0,35136.0,29865.0,5271.0,58924.0,78509.42293398934,175555.5776976247,54.68
Kentucky,115917.0,115660.0,257.0,62721.0,52956.0,95025.0,4453.0,15249.0,366.0,2027174.0,1937541.0,89633.0,4506589.0,84659.0,75346.0,9313.0,51266.0,67091.23072413733,162377.90461914925,55.62
Louisiana,13340.0,12124.0,1216.0,6954.0,5387.0,4615.0,305.0,6976.0,59.0,2073573.0,1958087.0,115486.0,4627098.0,95296.0,79095.0,16201.0,54217.0,69156.13890794133,171692.92131304895,66.74
Maine,33008.0,33008.0,0.0,17584.0,15232.0,26512.0,864.0,4288.0,160.0,685168.0,653340.0,31828.0,1377238.0,27182.0,24191.0,2991.0,58484.0,169962.22411139178,295032.1854999492,43.09
Maryland,4901.0,4347.0,554.0,2967.0,1891.0,1560.0,372.0,3005.0,40.0,3173291.0,3005067.0,168224.0,6174610.0,102169.0,89908.0,12261.0,69817.0,201961.6926196496,354037.1686323265,54.61
Massachusetts,13513.0,12552.0,961.0,6848.0,6592.0,7634.0,4303.0,4560.0,110.0,3742988.0,3535697.0,207291.0,6989690.0,196482.0,182728.0,13754.0,83653.0,318919.76719962026,502685.26907462574,48.14
Michigan,64349.0,64138.0,211.0,31871.0,32347.0,51145.0,3200.0,8450.0,438.0,4779560.0,4501565.0,277995.0,10037504.0,145436.0,129438.0,15998.0,56494.0,90675.89567646982,191473.4355995241,46.64
Minnesota,29888.0,29574.0,314.0,14599.0,15130.0,16364.0,3376.0,7552.0,640.0,3039326.0,2924152.0,115174.0,5711471.0,91460.0,81399.0,10061.0,66280.0,173439.28612438377,284832.9345901745,42.98
Mississippi,21029.0,11432.0,9597.0,12129.0,8890.0,10220.0,570.0,9899.0,76.0,1255719.0,1187101.0,68618.0,2949586.0,56582.0,52055.0,4527.0,45881.0,64880.72601328007,143216.4347000644,63.5
Missouri,80961.0,80071.0,890.0,36732.0,43520.0,54457.0,1671.0,19723.0,412.0,3050043.0,2925226.0,124817.0,6169823.0,92559.0,81451.0,11108.0,55325.0,98341.10690842009,192899.25173965396,54.7
Montana,100856.0,65408.0,35448.0,37968.0,27272.0,47208.0,5040.0,3472.0,112.0,550557.0,531928.0,18629.0,1106227.0,13978.0,11741.0,2237.0,56949.0,199939.877183078,348183.32193366525,44.18
Nebraska,40758.0,38113.0,2645.0,23000.0,17570.0,32644.0,6671.0,3105.0,226.0,1049590.0,1021331.0,28259.0,1963554.0,28045.0,24118.0,3927.0,61205.0,115794.0038433317,209862.5441385637,49.88
Nevada,11276.0,4357.0,6919.0,4684.0,2425.0,4446.0,1241.0,1811.0,155.0,1499501.0,1395652.0,103849.0,3146402.0,23915.0,22001.0,1914.0,60213.0,251362.8788803943,365557.8624314836,57.3
New Hampshire,7691.0,5811.0,1880.0,4363.0,3309.0,6943.0,343.0,346.0,80.0,756863.0,731120.0,25743.0,1387505.0,22160.0,20387.0,1773.0,73200.0,236097.43914965226,362574.3439424242,44.49
New Jersey,11525.0,10335.0,1190.0,6748.0,4748.0,4894.0,2253.0,5991.0,73.0,4666113.0,4357219.0,308894.0,9267961.0,169991.0,156391.0,13600.0,77016.0,233499.93649014307,394718.61641681223,51.93
New Mexico,39327.0,27330.0,11997.0,21517.0,17378.0,23990.0,19866.0,1842.0,229.0,943384.0,876733.0,66651.0,2116677.0,26009.0,21327.0,4682.0,50311.0,137956.94451717762,236468.5124156277,53.07
New York,363532.0,350882.0,12650.0,201080.0,159890.0,76148.0,127325.0,255703.0,4287.0,9557918.0,8886156.0,671762.0,19857492.0,591065.0,531958.0,59107.0,76837.0,172862.6103160449,365711.80568741664,48.17
North Carolina,128135.0,125224.0,2911.0,66523.0,60766.0,63645.0,7726.0,55422.0,896.0,4954795.0,4712872.0,241923.0,10565885.0,128127.0,110189.0,17938.0,56173.0,129575.27480030667,250102.1944785763,58.7
North Dakota,29044.0,25122.0,3922.0,16377.0,12561.0,14416.0,3021.0,4664.0,212.0,408907.0,396366.0,12541.0,777934.0,14200.0,10508.0,3692.0,64524.0,110205.82687889591,218941.49409375375,40.79999999999999
Ohio,180779.0,180626.0,153.0,92831.0,87476.0,131535.0,10244.0,37816.0,636.0,5728776.0,5434819.0,293957.0,11764342.0,225774.0,203196.0,22578.0,56879.0,93769.68685523777,178246.31058313546,50.88
Oklahoma,15688.0,13970.0,1718.0,8487.0,7158.0,9972.0,1522.0,2296.0,28.0,1860339.0,1785707.0,74632.0,3991225.0,52479.0,46706.0,5773.0,53870.0,73610.71246592145,157423.4123811293,60.14
Oregon,45966.0,40500.0,5466.0,27155.0,18354.0,39093.0,3680.0,1194.0,211.0,2147616.0,2035430.0,112186.0,4256301.0,55982.0,49264.0,6718.0,61596.0,305676.3998124133,443114.16373744135,51.27
Pennsylvania,66468.0,64999.0,1469.0,34476.0,31212.0,44948.0,11630.0,17220.0,104.0,6445367.0,6058976.0,386391.0,13012059.0,222063.0,195415.0,26648.0,64279.0,109302.57529049128,215100.8563455704,49.8
Rhode Island,6335.0,5430.0,905.0,3695.0,2610.0,3885.0,1535.0,1600.0,25.0,571697.0,540181.0,31516.0,1096985.0,38390.0,35318.0,3072.0,64376.0,264108.8542949784,361975.49221400166,49.27
South Carolina,39773.0,25717.0,14056.0,21767.0,14511.0,15081.0,1122.0,19561.0,88.0,2353975.0,2261063.0,92912.0,5193266.0,64286.0,57857.0,6429.0,52467.0,105115.9529383714,220852.34352140056,61.7
South Dakota,53922.0,53922.0,0.0,30228.0,23496.0,16896.0,3234.0,3696.0,462.0,469588.0,457176.0,12412.0,896164.0,13913.0,11686.0,2227.0,64462.0,131888.68971249097,237073.3656027395,45.54
Tennessee,59975.0,17892.0,42083.0,33017.0,22793.0,39982.0,1206.0,14536.0,133.0,3323552.0,3174141.0,149411.0,6968351.0,105863.0,95276.0,10587.0,56560.0,114222.84281576116,234923.29416271215,58.11
Texas,558108.0,549149.0,8959.0,279648.0,275556.0,370149.0,182760.0,161585.0,4606.0,14311067.0,13503688.0,807379.0,29558864.0,284859.0,247827.0,37032.0,59865.0,134555.35769241888,246145.08057812517,65.97
Utah,29104.0,17320.0,11784.0,8754.0,8500.0,14578.0,4103.0,1219.0,123.0,1687544.0,1641341.0,46203.0,3339113.0,19686.0,17520.0,2166.0,56019.0,319419.61127446673,448626.09688531276,49.55
Vermont,25283.0,25283.0,0.0,13638.0,11523.0,22858.0,879.0,1187.0,109.0,335822.0,323352.0,12470.0,646972.0,13185.0,11339.0,1846.0,61882.0,164111.06209698724,273424.8110947163,43.74
Virginia,85150.0,78473.0,6677.0,45640.0,38528.0,46528.0,4489.0,30907.0,896.0,4331304.0,4162563.0,168741.0,8657365.0,106379.0,93613.0,12766.0,66305.0,164657.31100455465,319413.002155896,55.54
Washington,118833.0,118833.0,0.0,64468.0,53224.0,90168.0,22857.0,10717.0,1207.0,3898712.0,3695708.0,203004.0,7740745.0,93650.0,84285.0,9365.0,73775.0,330937.27255213045,508121.74781058537,50.47
West Virginia,29058.0,20348.0,8710.0,16829.0,12171.0,24514.0,563.0,2946.0,137.0,778756.0,739007.0,39749.0,1785526.0,34137.0,31064.0,3073.0,48488.0,59888.14981882425,130557.02935408163,53.08
Wisconsin,168797.0,159784.0,9013.0,90595.0,77568.0,111016.0,14179.0,31838.0,1047.0,3099768.0,2981067.0,118701.0,5880101.0,78160.0,67999.0,10161.0,59626.0,129621.93546062472,231045.00426388855,44.71
Wyoming,9315.0,9315.0,0.0,3795.0,5497.0,8280.0,690.0,184.0,0.0,289152.0,275747.0,13405.0,579483.0,5765.0,5361.0,404.0,69666.0,172535.20583762653,282158.0843498655,43.47
